id,name
0,Applying sunscreen
1,Archery
2,Arm wrestling
3,Assembling bicycle
4,BMX
5,Baking cookies
6,Ballet
7,Bathing dog
8,Baton twirling
9,Beach soccer
10,Beer pong
11,Belly dance
12,Blow-drying hair
13,Blowing leaves
14,Braiding hair
15,Breakdancing
16,Brushing hair
17,Brushing teeth
18,Building sandcastles
19,Bullfighting
20,Bungee jumping
21,Calf roping
22,Camel ride
23,Canoeing
24,Capoeira
25,Carving jack-o-lanterns
26,Changing car wheel
27,Cheerleading
28,Chopping wood
29,Clean and jerk
30,Cleaning shoes
31,Cleaning sink
32,Cleaning windows
33,Clipping cat claws
34,Cricket
35,Croquet
36,Cumbia
37,Curling
38,Cutting the grass
39,Decorating the Christmas tree
40,Disc dog
41,Discus throw
42,Dodgeball
43,Doing a powerbomb
44,Doing crunches
45,Doing fencing
46,Doing karate
47,Doing kickboxing
48,Doing motocross
49,Doing nails
50,Doing step aerobics
51,Drinking beer
52,Drinking coffee
53,Drum corps
54,Elliptical trainer
55,Fixing bicycle
56,Fixing the roof
57,Fun sliding down
58,Futsal
59,Gargling mouthwash
60,Getting a haircut
61,Getting a piercing
62,Getting a tattoo
63,Grooming dog
64,Grooming horse
65,Hammer throw
66,Hand car wash
67,Hand washing clothes
68,Hanging wallpaper
69,Having an ice cream
70,High jump
71,Hitting a pinata
72,Hopscotch
73,Horseback riding
74,Hula hoop
75,Hurling
76,Ice fishing
77,Installing carpet
78,Ironing clothes
79,Javelin throw
80,Kayaking
81,Kite flying
82,Kneeling
83,Knitting
84,Laying tile
85,Layup drill in basketball
86,Long jump
87,Longboarding
88,Making a cake
89,Making a lemonade
90,Making a sandwich
91,Making an omelette
92,Mixing drinks
93,Mooping floor
94,Mowing the lawn
95,Paintball
96,Painting
97,Painting fence
98,Painting furniture
99,Peeling potatoes
100,Ping-pong
101,Plastering
102,Plataform diving
103,Playing accordion
104,Playing badminton
105,Playing bagpipes
106,Playing beach volleyball
107,Playing blackjack
108,Playing congas
109,Playing drums
110,Playing field hockey
111,Playing flauta
112,Playing guitarra
113,Playing harmonica
114,Playing ice hockey
115,Playing kickball
116,Playing lacrosse
117,Playing piano
118,Playing polo
119,Playing pool
120,Playing racquetball
121,Playing rubik cube
122,Playing saxophone
123,Playing squash
124,Playing ten pins
125,Playing violin
126,Playing water polo
127,Pole vault
128,Polishing forniture
129,Polishing shoes
130,Powerbocking
131,Preparing pasta
132,Preparing salad
133,Putting in contact lenses
134,Putting on makeup
135,Putting on shoes
136,Rafting
137,Raking leaves
138,Removing curlers
139,Removing ice from car
140,Riding bumper cars
141,River tubing
142,Rock climbing
143,Rock-paper-scissors
144,Rollerblading
145,Roof shingle removal
146,Rope skipping
147,Running a marathon
148,Sailing
149,Scuba diving
150,Sharpening knives
151,Shaving
152,Shaving legs
153,Shot put
154,Shoveling snow
155,Shuffleboard
156,Skateboarding
157,Skiing
158,Slacklining
159,Smoking a cigarette
160,Smoking hookah
161,Snatch
162,Snow tubing
163,Snowboarding
164,Spinning
165,Spread mulch
166,Springboard diving
167,Starting a campfire
168,Sumo
169,Surfing
170,Swimming
171,Swinging at the playground
172,Table soccer
173,Tai chi
174,Tango
175,Tennis serve with ball bouncing
176,Throwing darts
177,Trimming branches or hedges
178,Triple jump
179,Tug of war
180,Tumbling
181,Using parallel bars
182,Using the balance beam
183,Using the monkey bar
184,Using the pommel horse
185,Using the rowing machine
186,Using uneven bars
187,Vacuuming floor
188,Volleyball
189,Wakeboarding
190,Walking the dog
191,Washing dishes
192,Washing face
193,Washing hands
194,Waterskiing
195,Waxing skis
196,Welding
197,Windsurfing
198,Wrapping presents
199,Zumba